sample_groups,source_file,file_row_number,id,url,file_path,token_count,char_length,newline_count,chars_per_stored_token
length_p90,part_0.parquet,1038,<urn:uuid:b97b6351-7347-45ff-88ef-da870988846c>,http://www.theage.com.au/articles/2003/11/02/1067597213696.html,s3://commoncrawl/crawl-data/CC-MAIN-2013-20/segments/1368704713110/warc/CC-MAIN-20130516114513-00051-ip-10-60-113-184.ec2.internal.warc.gz,4102,16004,87,3.901511457825451
length_p05,part_0.parquet,4443,<urn:uuid:c8e46f1a-5f92-4a89-ac18-1045f9a76ac6>,http://www.abc.net.au/science/articles/2012/07/24/3549931.htm?topic=health,s3://commoncrawl/crawl-data/CC-MAIN-2013-20/segments/1368706499548/warc/CC-MAIN-20130516121459-00006-ip-10-60-113-184.ec2.internal.warc.gz,1026,4649,19,4.531189083820663
length_median,part_0.parquet,9195,<urn:uuid:5d33b495-43f9-4cf6-871a-33c1949ac724>,http://www.axionestin.org.au/education/sunday-sermon/402-saturday-lazarus.html,s3://commoncrawl/crawl-data/CC-MAIN-2013-20/segments/1368698017611/warc/CC-MAIN-20130516095337-00012-ip-10-60-113-184.ec2.internal.warc.gz,1559,6724,15,4.31302116741501
length_p05,part_0.parquet,9480,<urn:uuid:96d2dfcc-431d-43da-a6b8-1620adf3be61>,http://adb.anu.edu.au/biography/oflaherty-eliza-2520,s3://commoncrawl/crawl-data/CC-MAIN-2013-20/segments/1368704713110/warc/CC-MAIN-20130516114513-00013-ip-10-60-113-184.ec2.internal.warc.gz,1060,4649,8,4.3858490566037736
length_p05,part_0.parquet,16586,<urn:uuid:64baa7b3-200f-4125-b506-7cc82b3120cc>,http://www.inthemix.com.au/events/reviews/52910/Creamfields_Supreme_Court_Gardens_Perth_05052012,s3://commoncrawl/crawl-data/CC-MAIN-2013-20/segments/1368705284037/warc/CC-MAIN-20130516115444-00072-ip-10-60-113-184.ec2.internal.warc.gz,1062,4649,10,4.37758945386064
length_median,part_0.parquet,29223,<urn:uuid:0a5e53a0-7fc0-4e54-a2b4-79fbca0ba0cc>,http://www.bensalter.com.au/about/,s3://commoncrawl/crawl-data/CC-MAIN-2013-20/segments/1368708766848/warc/CC-MAIN-20130516125246-00040-ip-10-60-113-184.ec2.internal.warc.gz,1591,6724,35,4.226272784412319
length_median,part_0.parquet,37070,<urn:uuid:a7c4f7ff-b093-4f1d-9d26-7b83ee9dbc67>,http://www.cpa.org.au/guardian/2012/1558/08-human-rights-commission.html,s3://commoncrawl/crawl-data/CC-MAIN-2013-20/segments/1368701562534/warc/CC-MAIN-20130516105242-00050-ip-10-60-113-184.ec2.internal.warc.gz,1230,6724,26,5.466666666666667
length_p90,part_0.parquet,193960,<urn:uuid:f7c27934-a913-4f84-8fb3-e23f0ea80826>,http://www.abc.net.au/tv/messagestick/stories/s2484180.htm,s3://commoncrawl/crawl-data/CC-MAIN-2013-48/segments/1387345771373/warc/CC-MAIN-20131218054931-00066-ip-10-33-133-15.ec2.internal.warc.gz,3604,16004,56,4.44062153163152
length_p90,part_0.parquet,202203,<urn:uuid:24377a9b-70fc-4e7e-b503-98e9e662afd9>,http://www.news.com.au/national/queensland/firsttime-voters-torn-on-political-issues-leaders-and-if-they-care-at-all-about-the-federal-election/story-fnii5v6w-1226702940386,s3://commoncrawl/crawl-data/CC-MAIN-2013-48/segments/1386163052286/warc/CC-MAIN-20131204131732-00085-ip-10-33-133-15.ec2.internal.warc.gz,3600,16004,56,4.445555555555556
no_newline,part_12.parquet,71114,<urn:uuid:bc103b99-19cb-43c7-a467-0d564f62c77c>,http://www.wowhd.com.au/losiano-hot-spit/634479414176,s3://commoncrawl/crawl-data/CC-MAIN-2016-44/segments/1476988720615.90/warc/CC-MAIN-20161020183840-00379-ip-10-171-6-4.ec2.internal.warc.gz,1642,6722,0,4.093788063337393
no_newline,part_14.parquet,15061,<urn:uuid:ba044a4b-f2fd-4ef1-b521-608b85b9a833>,http://www.wowhd.com.au/harpin-jonny-harpin-around/650687244220,s3://commoncrawl/crawl-data/CC-MAIN-2017-09/segments/1487501170380.12/warc/CC-MAIN-20170219104610-00310-ip-10-171-10-108.ec2.internal.warc.gz,1557,6725,0,4.319203596660244
length_p95,part_14.parquet,105684,<urn:uuid:348bde7f-8a06-4ee3-b898-57bd3e4d07ef>,http://www.abc.net.au/local/stories/2008/07/04/2294716.htm,s3://commoncrawl/crawl-data/CC-MAIN-2017-13/segments/1490218189495.77/warc/CC-MAIN-20170322212949-00282-ip-10-233-31-227.ec2.internal.warc.gz,5364,24395,151,4.5479120059656974
length_p95,part_16.parquet,48016,<urn:uuid:ff645042-ccf8-4e6a-b0c9-774421aa8c8e>,http://charliedelta67.blogspot.com.au/2012/11/,s3://commoncrawl/crawl-data/CC-MAIN-2017-26/segments/1498128320873.54/warc/CC-MAIN-20170626235612-20170627015612-00585.warc.gz,5946,24395,134,4.10275815674403
length_max,part_20.parquet,39302,<urn:uuid:3fe522d9-d91d-4b7e-8f32-a5bc171ec12e>,http://www.lawfoundation.net.au/ljf/site/articleIDs/6FFEB98D3C8D21F1CA25707E0024D3EB/$file/older.html,s3://commoncrawl/crawl-data/CC-MAIN-2018-05/segments/1516084890314.60/warc/CC-MAIN-20180121060717-20180121080717-00736.warc.gz,115730,589665,2565,5.095178432558542
high_chars_per_token,part_22.parquet,16464,<urn:uuid:2d6c7317-5d66-4c96-b997-a1881ba1dd0c>,https://www.instantassignmenthelp.com.au/sample-on-accounting,s3://commoncrawl/crawl-data/CC-MAIN-2018-22/segments/1526794864624.7/warc/CC-MAIN-20180522034402-20180522054402-00200.warc.gz,2179,13674,13,6.275355667737494
length_p95,part_23.parquet,70036,<urn:uuid:e814b66c-4296-41e9-ae22-ad50f65f80d7>,http://members.iinet.net.au/~cool386/coils/coils.html,s3://commoncrawl/crawl-data/CC-MAIN-2018-34/segments/1534221211933.43/warc/CC-MAIN-20180817065045-20180817085045-00530.warc.gz,5492,24395,148,4.441915513474144
length_max,part_32.parquet,40539,<urn:uuid:b997e12d-7298-4647-8132-066e277f3183>,http://freeread.com.au/@RGLibrary/LeQueuxW/Novels/TheGreatWarInEnglandIn1897.html,s3://commoncrawl/crawl-data/CC-MAIN-2020-05/segments/1579250614880.58/warc/CC-MAIN-20200124011048-20200124040048-00348.warc.gz,125333,584960,1292,4.667246455442701
no_newline,part_39.parquet,17488,<urn:uuid:c87c4736-50a0-4fc8-b187-95e90cf2c8ba>,https://www.thefamilyco.org.au/news/getting-ready-for-the-kids-to-go-back-to-school,s3://commoncrawl/crawl-data/CC-MAIN-2021-39/segments/1631780057564.48/warc/CC-MAIN-20210924171348-20210924201348-00401.warc.gz,1365,6725,0,4.926739926739927
length_max,part_39.parquet,69597,<urn:uuid:0a9550c0-0b48-4156-8469-b14e04167877>,https://www.openaustralia.org.au/debates/?id=2011-11-02.92.2&s=%22one+laptop+per+child%22,s3://commoncrawl/crawl-data/CC-MAIN-2021-39/segments/1631780058373.45/warc/CC-MAIN-20210927060117-20210927090117-00501.warc.gz,116144,596750,1272,5.138018322082932
length_p99,part_4.parquet,34259,<urn:uuid:323174bf-8cbc-48ec-b2f1-b97b8be28b55>,https://ebooks.adelaide.edu.au/b/bulwer-lytton/edward/clifford/chapter35.html,s3://commoncrawl/crawl-data/CC-MAIN-2015-11/segments/1424936463028.70/warc/CC-MAIN-20150226074103-00229-ip-10-28-5-156.ec2.internal.warc.gz,13509,59326,98,4.391590791324302
length_p99,part_41.parquet,118984,<urn:uuid:07bbeeeb-c28c-4214-91f1-d598f854f340>,https://www.openaustralia.org.au/debates/?id=2021-11-30.88.2,s3://commoncrawl/crawl-data/CC-MAIN-2022-05/segments/1642320305420.54/warc/CC-MAIN-20220128043801-20220128073801-00470.warc.gz,11925,59326,87,4.974926624737946
low_chars_per_token,part_42.parquet,96549,<urn:uuid:3c766e0c-1bf8-49b7-b6f2-6931747254f4>,http://www.indigobooks.com.au/teach-yourself-beginners-italian-getting-started-in-italian-2-audio-cds-plus-book/04/08/,s3://commoncrawl/crawl-data/CC-MAIN-2022-21/segments/1652662573189.78/warc/CC-MAIN-20220524173011-20220524203011-00701.warc.gz,3022,1817,0,0.601257445400397
low_chars_per_token,part_42.parquet,98533,<urn:uuid:24fc4031-8947-481d-8d42-9073dacc40ad>,http://www.indigobooks.com.au/czech-english-and-english-czech-dicitonary-4/09/24/,s3://commoncrawl/crawl-data/CC-MAIN-2022-21/segments/1652662644142.66/warc/CC-MAIN-20220529103854-20220529133854-00763.warc.gz,2722,1814,0,0.6664217487141807
length_min,part_43.parquet,158139,<urn:uuid:f97d51f8-d21e-4ba2-a967-400ffa88aa6b>,https://www.pcworld.idg.com.au/article/546929/no_europe_google_does_delete_all_your_personal_data/,s3://commoncrawl/crawl-data/CC-MAIN-2022-33/segments/1659882571909.51/warc/CC-MAIN-20220813051311-20220813081311-00566.warc.gz,1186,1576,23,1.3288364249578415
low_chars_per_token,part_45.parquet,63969,<urn:uuid:7143999e-e23f-47be-a22b-0c9339d0441b>,http://spiritualemergence.org.au/3r78qi/rashida-mitchell-and-twista,s3://commoncrawl/crawl-data/CC-MAIN-2023-40/segments/1695233510983.45/warc/CC-MAIN-20231002064957-20231002094957-00637.warc.gz,4801,5591,1,1.1645490522807749
no_newline,part_45.parquet,114528,<urn:uuid:64078cf6-914f-4c4f-bc30-46300afb11a6>,https://www.braidwoodtimes.com.au/life-style/shopping/,s3://commoncrawl/crawl-data/CC-MAIN-2023-50/segments/1700679100508.53/warc/CC-MAIN-20231203193127-20231203223127-00300.warc.gz,1581,6725,0,4.253636938646427
length_p99,part_46.parquet,132712,<urn:uuid:f315c47f-0866-4bc7-bb14-fe168bd7a4a0>,https://www.afsa.gov.au/newsroom/pir-newsletter-march-2020,s3://commoncrawl/crawl-data/CC-MAIN-2024-10/segments/1707947474581.68/warc/CC-MAIN-20240225035809-20240225065809-00744.warc.gz,12589,59326,266,4.712526809119073
high_chars_per_token,part_50.parquet,54934,<urn:uuid:0a748e55-fa49-44c1-a615-0108404dfdcc>,https://amoura.com.au/professional-services-income-tax/,s3://commoncrawl/crawl-data/CC-MAIN-2024-30/segments/1720763517927.60/warc/CC-MAIN-20240722220957-20240723010957-00286.warc.gz,1191,7448,9,6.253568429890848
length_min,part_55.parquet,17502,<urn:uuid:0e17f1bf-ea91-44de-8c18-24d7ba38e932>,https://www.forensic-engineers.com.au/all-in-a-days-work/,s3://commoncrawl/crawl-data/CC-MAIN-2025-18/segments/1744889457310.88/warc/CC-MAIN-20250428173437-20250428203437-00271.warc.gz,1031,1718,11,1.6663433559650824
high_chars_per_token,part_55.parquet,41087,<urn:uuid:d807f878-d14f-4846-abcc-582c49a9fe3b>,https://heathcoteonshow.com.au/top-signs-you-might-need-aged-care-physiotherapy-services-in-your-area/,s3://commoncrawl/crawl-data/CC-MAIN-2025-18/segments/1744889135683.36/warc/CC-MAIN-20250418151910-20250418181910-00668.warc.gz,1251,7707,30,6.160671462829736
high_chars_per_token,part_55.parquet,46568,<urn:uuid:1739e534-1e2b-47b7-96c5-52ffa6a23e0c>,https://heathcoteonshow.com.au/the-benefits-of-enrolling-your-child-in-a-quality-childcare-centre/,s3://commoncrawl/crawl-data/CC-MAIN-2025-18/segments/1744889135683.36/warc/CC-MAIN-20250418151910-20250418181910-00690.warc.gz,1271,8213,31,6.4618410700236035
"length_min,low_chars_per_token",part_55.parquet,96115,<urn:uuid:df3125ba-aa8d-48b8-b7c7-8da91daf74ad>,https://www.forensic-engineers.com.au/underpinning-engineer-report/,s3://commoncrawl/crawl-data/CC-MAIN-2025-21/segments/1746990413160.38/warc/CC-MAIN-20250521194823-20250521224823-00768.warc.gz,1275,1262,9,0.9898039215686274
