chunks_per_second,documents_per_second,elapsed_seconds,failed_documents,generated_chunks,group,input_documents,input_mean_characters,input_total_characters,method,output_bytes,qa_hard_failure_events,qa_status,run_id,seconds_per_document,warning_count,warnings_json,measurement_class,source_summary
5187.0164373930365,172.90054791310124,0.01735101499798475,0,90,length_p95,3,24395.0,73185,token,44334,0,pass,length_p95__token,0.005783671665994916,0,[],single_run_descriptive,week3/results/issue17/long_runtime/long_runtime_summary.json
8842.22998625098,315.79392808039216,0.009499865998805035,0,84,length_p95,3,24395.0,73185,recursive,45152,0,pass,length_p95__recursive,0.0031666219996016784,0,[],single_run_descriptive,week3/results/issue17/long_runtime/long_runtime_summary.json
791.9934536778522,23.067770495471425,0.1300515799994173,0,103,length_p95,3,24395.0,73185,semantic,42602,0,pass,length_p95__semantic,0.04335052666647243,0,[],single_run_descriptive,week3/results/issue17/long_runtime/long_runtime_summary.json
6918.983253903717,97.45046836484109,0.03078486999947927,0,213,length_p99,3,59326.0,177978,token,82993,0,pass,length_p99__token,0.010261623333159756,0,[],single_run_descriptive,week3/results/issue17/long_runtime/long_runtime_summary.json
14860.11707520677,185.75146344008465,0.016150612998899305,0,240,length_p99,3,59326.0,177978,recursive,84748,0,pass,length_p99__recursive,0.005383537666299769,0,[],single_run_descriptive,week3/results/issue17/long_runtime/long_runtime_summary.json
617.7816445888598,11.097873854889697,0.27032204900024226,0,167,length_p99,3,59326.0,177978,semantic,87871,0,pass,length_p99__semantic,0.09010734966674742,0,[],single_run_descriptive,week3/results/issue17/long_runtime/long_runtime_summary.json
8971.764612653084,12.737952597235802,0.23551665600098204,0,2113,length_max,3,590458.3333333334,1771375,token,682638,0,pass,length_max__token,0.07850555200032734,0,[],single_run_descriptive,week3/results/issue17/long_runtime/long_runtime_summary.json
29936.715469911687,38.331261805264646,0.07826509900041856,0,2343,length_max,3,590458.3333333334,1771375,recursive,702678,0,pass,length_max__recursive,0.026088366333472852,0,[],single_run_descriptive,week3/results/issue17/long_runtime/long_runtime_summary.json
693.9433373745218,1.2526053021200754,2.395008223997138,0,1662,length_max,3,590458.3333333334,1771375,semantic,689158,0,pass,length_max__semantic,0.7983360746657127,0,[],single_run_descriptive,week3/results/issue17/long_runtime/long_runtime_summary.json
