baseline_run_id,chunk_size,chunks_per_second,delta_chunks_pct_vs_method_baseline,delta_chunks_vs_method_baseline,delta_elapsed_seconds_vs_method_baseline,delta_mean_chunk_chars_vs_method_baseline,documents_per_second,elapsed_seconds,experiment_axis,failed_documents,is_baseline,mean_chunk_char_length,mean_chunks_per_document,median_chunk_char_length,median_chunks_per_document,method,newline_boundary_internal_pct,other_boundary_internal_pct,p90_chunk_char_length,p95_chunk_char_length,p99_chunk_char_length,paragraph_boundary_internal_pct,processed_documents,qa_status,run_id,sentence_boundary_internal_pct,threshold,total_chunks,warning_count,whitespace_boundary_internal_pct,source_summary
token_cs2048,1024,7775.981488172095,98.88682745825604,1066,0.015022144075828692,-1006.5728909949325,116.05942519659844,0.2757208210000499,chunk_size,0,False,1017.9039179104477,67.0,1024.0,7.5,token,0.002840909090909091,0.8248106060606061,1024.0,1024.0,1024.0,0.0,32,pass,token_cs1024,0.007575757575757576,,2144,0,0.16477272727272727,week3/results/parameter_sensitivity/parameter_sensitivity_summary.json
token_cs2048,2048,4135.042082754216,0.0,0,0.0,0.0,122.74707481274109,0.2606986769242212,chunk_size,0,True,2024.4768089053803,33.6875,2048.0,4.0,token,0.0028680688336520078,0.8145315487571702,2048.0,2048.0,2048.0,0.0,32,pass,token_cs2048,0.0124282982791587,,1078,0,0.1701720841300191,week3/results/parameter_sensitivity/parameter_sensitivity_summary.json
token_cs2048,4096,2084.208958760989,-49.35064935064935,-532,0.0012712170755548868,1972.5671471385756,122.15144080650485,0.2619698939997761,chunk_size,0,False,3997.043956043956,17.0625,4096.0,2.0,token,0.0019455252918287938,0.8093385214007782,4096.0,4096.0,4096.0,0.0,32,pass,token_cs4096,0.007782101167315175,,546,0,0.18093385214007782,week3/results/parameter_sensitivity/parameter_sensitivity_summary.json
recursive_cs2048,1024,29682.309284952833,126.33647798742138,1607,0.02113282103300662,-957.6761404968969,329.91799135758623,0.09699380099982591,chunk_size,0,False,758.0361236540465,89.96875,824.0,9.0,recursive,0.8865472427116263,0.00035124692658939234,993.0,1008.0,1021.0,0.0,32,pass,recursive_cs1024,0.11310151036178434,,2879,0,0.0,week3/results/parameter_sensitivity/parameter_sensitivity_summary.json
recursive_cs2048,2048,16767.51342464015,0.0,0,0.0,0.0,421.8242370978655,0.07586097996681929,chunk_size,0,True,1715.7122641509434,39.75,1826.0,4.0,recursive,0.975,0.0,2010.0,2027.0,2045.0,0.0,32,pass,recursive_cs2048,0.025,,1272,0,0.0,week3/results/parameter_sensitivity/parameter_sensitivity_summary.json
recursive_cs2048,4096,8924.18807580874,-53.301886792452834,-678,-0.009300302966948948,1958.3382408995615,480.7643407843093,0.06656067699987034,chunk_size,0,False,3674.050505050505,18.5625,3844.0,2.0,recursive,0.9911032028469751,0.0,4060.4,4078.0,4094.0,0.0,32,pass,recursive_cs4096,0.008896797153024912,,594,0,0.0,week3/results/parameter_sensitivity/parameter_sensitivity_summary.json
semantic_cs2048,1024,1713.2190202172783,0.017765144785930005,1,0.06570032699391959,-0.06886394896764614,9.737656953277604,3.286211473000094,chunk_size,0,False,387.63516873889876,175.9375,257.0,21.5,semantic,0.42300821722043586,0.0,880.0,1156.0,1994.8400000000001,0.0,32,pass,semantic_cs1024,0.5769917827795641,0.8,5630,1,0.0,week3/results/parameter_sensitivity/parameter_sensitivity_summary.json
semantic_cs2048,2048,1747.859189054708,0.0,0,0.0,0.0,9.93631089887203,3.2205111460061744,chunk_size,0,True,387.7040326878664,175.90625,257.0,21.5,semantic,0.42290512774700734,0.0,880.0,1156.0,1994.880000000001,0.0,32,pass,semantic_cs2048,0.5770948722529927,0.8,5629,1,0.0,week3/results/parameter_sensitivity/parameter_sensitivity_summary.json
semantic_cs2048,4096,1790.0624707062066,0.0,0,-0.0759281540063057,0.0,10.176230069745712,3.1445829919998687,chunk_size,0,False,387.7040326878664,175.90625,257.0,21.5,semantic,0.42290512774700734,0.0,880.0,1156.0,1994.880000000001,0.0,32,pass,semantic_cs4096,0.5770948722529927,0.8,5629,1,0.0,week3/results/parameter_sensitivity/parameter_sensitivity_summary.json
semantic_cs2048,2048,1483.6049359912395,-12.417836205365074,-699,0.10247591099368947,54.97061234255955,9.629890051058755,3.322987056999864,threshold,0,False,442.67464503042595,154.0625,283.0,19.0,semantic,0.42833809718252347,0.0,1016.3000000000011,1369.750000000001,2255.55,0.0,32,pass,semantic_th070,0.5716619028174765,0.7,4930,1,0.0,week3/results/parameter_sensitivity/parameter_sensitivity_summary.json
semantic_cs2048,2048,2014.178487352419,12.364540771007283,696,-0.08027305900623105,-42.66276786573201,10.190310133640697,3.1402380869999433,threshold,0,False,345.0412648221344,197.65625,232.0,24.0,semantic,0.4191959319879231,0.0,778.0,992.0,1531.5200000000004,0.0,32,pass,semantic_th090,0.580804068012077,0.9,6325,1,0.0,week3/results/parameter_sensitivity/parameter_sensitivity_summary.json
