evidence_label,processed_documents,chunks_written,failed_documents,elapsed_seconds,warning_count,qa_hard_failure_events,qa_documents_checked,qa_chunks_checked,qa_status,run_status,configuration_json,qa_source,metadata_source
baseline.recursive,32,1272,0,0.07586097996681929,0,0,32,1272,pass,completed,"{""chunk_size"":2048,""min_characters_per_chunk"":24,""tokenizer"":""character""}",runs/issue10_recursive/qa/qa_summary.json,runs/issue10_recursive/run_metadata.json
baseline.semantic,32,5629,0,3.2205111460061744,1,0,32,5629,pass,completed,"{""chunk_size"":2048,""embedding_model"":""minishlab/potion-base-32M"",""threshold"":0.8}",runs/issue10_semantic/qa/qa_summary.json,runs/issue10_semantic/run_metadata.json
baseline.token,32,1078,0,0.2606986769242212,0,0,32,1078,pass,completed,"{""chunk_overlap"":0,""chunk_size"":2048,""tokenizer"":""character""}",runs/issue10_token/qa/qa_summary.json,runs/issue10_token/run_metadata.json
issue15.recursive_cs1024,32,2879,0,0.09699380099982591,0,0,32,2879,pass,completed,"{""chunk_size"":1024,""min_characters_per_chunk"":24,""tokenizer"":""character""}",week3/runs/issue15/recursive_cs1024/qa/qa_summary.json,week3/runs/issue15/recursive_cs1024/run_metadata.json
issue15.recursive_cs4096,32,594,0,0.06656067699987034,0,0,32,594,pass,completed,"{""chunk_size"":4096,""min_characters_per_chunk"":24,""tokenizer"":""character""}",week3/runs/issue15/recursive_cs4096/qa/qa_summary.json,week3/runs/issue15/recursive_cs4096/run_metadata.json
issue15.semantic_cs1024,32,5630,0,3.286211473000094,1,0,32,5630,pass,completed,"{""chunk_size"":1024,""embedding_model"":""minishlab/potion-base-32M"",""threshold"":0.8}",week3/runs/issue15/semantic_cs1024/qa/qa_summary.json,week3/runs/issue15/semantic_cs1024/run_metadata.json
issue15.semantic_cs4096,32,5629,0,3.1445829919998687,1,0,32,5629,pass,completed,"{""chunk_size"":4096,""embedding_model"":""minishlab/potion-base-32M"",""threshold"":0.8}",week3/runs/issue15/semantic_cs4096/qa/qa_summary.json,week3/runs/issue15/semantic_cs4096/run_metadata.json
issue15.semantic_th070,32,4930,0,3.322987056999864,1,0,32,4930,pass,completed,"{""chunk_size"":2048,""embedding_model"":""minishlab/potion-base-32M"",""threshold"":0.7}",week3/runs/issue15/semantic_th070/qa/qa_summary.json,week3/runs/issue15/semantic_th070/run_metadata.json
issue15.semantic_th090,32,6325,0,3.1402380869999433,1,0,32,6325,pass,completed,"{""chunk_size"":2048,""embedding_model"":""minishlab/potion-base-32M"",""threshold"":0.9}",week3/runs/issue15/semantic_th090/qa/qa_summary.json,week3/runs/issue15/semantic_th090/run_metadata.json
issue15.token_cs1024,32,2144,0,0.2757208210000499,0,0,32,2144,pass,completed,"{""chunk_overlap"":0,""chunk_size"":1024,""tokenizer"":""character""}",week3/runs/issue15/token_cs1024/qa/qa_summary.json,week3/runs/issue15/token_cs1024/run_metadata.json
issue15.token_cs4096,32,546,0,0.2619698939997761,0,0,32,546,pass,completed,"{""chunk_overlap"":0,""chunk_size"":4096,""tokenizer"":""character""}",week3/runs/issue15/token_cs4096/qa/qa_summary.json,week3/runs/issue15/token_cs4096/run_metadata.json
issue16.recursive_cal_cs1025,32,2871,0,0.1106930599999032,0,0,32,2871,pass,completed,"{""chunk_size"":1025,""min_characters_per_chunk"":24,""tokenizer"":""character""}",week3/runs/issue16/recursive_cal_cs1025/qa/qa_summary.json,week3/runs/issue16/recursive_cal_cs1025/run_metadata.json
issue16.semantic_cal_th030,32,2141,0,3.056384491999779,1,0,32,2141,pass,completed,"{""chunk_size"":2048,""embedding_model"":""minishlab/potion-base-32M"",""threshold"":0.3}",week3/runs/issue16/semantic_cal_th030/qa/qa_summary.json,week3/runs/issue16/semantic_cal_th030/run_metadata.json
issue16.token_cal_cs839,32,2623,0,0.28811261100054253,0,0,32,2623,pass,completed,"{""chunk_overlap"":0,""chunk_size"":839,""tokenizer"":""character""}",week3/runs/issue16/token_cal_cs839/qa/qa_summary.json,week3/runs/issue16/token_cal_cs839/run_metadata.json
issue17.length_max__recursive,3,2343,0,0.07826509900041856,0,0,3,2343,pass,completed,"{""chunk_size"":1025,""min_characters_per_chunk"":24,""tokenizer"":""character""}",week3/runs/issue17/long_runtime/length_max__recursive/qa/qa_summary.json,week3/runs/issue17/long_runtime/length_max__recursive/run_metadata.json
issue17.length_max__semantic,3,1662,0,2.395008223997138,0,0,3,1662,pass,completed,"{""chunk_size"":2048,""embedding_model"":""minishlab/potion-base-32M"",""threshold"":0.3}",week3/runs/issue17/long_runtime/length_max__semantic/qa/qa_summary.json,week3/runs/issue17/long_runtime/length_max__semantic/run_metadata.json
issue17.length_max__token,3,2113,0,0.23551665600098204,0,0,3,2113,pass,completed,"{""chunk_overlap"":0,""chunk_size"":839,""tokenizer"":""character""}",week3/runs/issue17/long_runtime/length_max__token/qa/qa_summary.json,week3/runs/issue17/long_runtime/length_max__token/run_metadata.json
issue17.length_p95__recursive,3,84,0,0.009499865998805035,0,0,3,84,pass,completed,"{""chunk_size"":1025,""min_characters_per_chunk"":24,""tokenizer"":""character""}",week3/runs/issue17/long_runtime/length_p95__recursive/qa/qa_summary.json,week3/runs/issue17/long_runtime/length_p95__recursive/run_metadata.json
issue17.length_p95__semantic,3,103,0,0.1300515799994173,0,0,3,103,pass,completed,"{""chunk_size"":2048,""embedding_model"":""minishlab/potion-base-32M"",""threshold"":0.3}",week3/runs/issue17/long_runtime/length_p95__semantic/qa/qa_summary.json,week3/runs/issue17/long_runtime/length_p95__semantic/run_metadata.json
issue17.length_p95__token,3,90,0,0.01735101499798475,0,0,3,90,pass,completed,"{""chunk_overlap"":0,""chunk_size"":839,""tokenizer"":""character""}",week3/runs/issue17/long_runtime/length_p95__token/qa/qa_summary.json,week3/runs/issue17/long_runtime/length_p95__token/run_metadata.json
issue17.length_p99__recursive,3,240,0,0.016150612998899305,0,0,3,240,pass,completed,"{""chunk_size"":1025,""min_characters_per_chunk"":24,""tokenizer"":""character""}",week3/runs/issue17/long_runtime/length_p99__recursive/qa/qa_summary.json,week3/runs/issue17/long_runtime/length_p99__recursive/run_metadata.json
issue17.length_p99__semantic,3,167,0,0.27032204900024226,0,0,3,167,pass,completed,"{""chunk_size"":2048,""embedding_model"":""minishlab/potion-base-32M"",""threshold"":0.3}",week3/runs/issue17/long_runtime/length_p99__semantic/qa/qa_summary.json,week3/runs/issue17/long_runtime/length_p99__semantic/run_metadata.json
issue17.length_p99__token,3,213,0,0.03078486999947927,0,0,3,213,pass,completed,"{""chunk_overlap"":0,""chunk_size"":839,""tokenizer"":""character""}",week3/runs/issue17/long_runtime/length_p99__token/qa/qa_summary.json,week3/runs/issue17/long_runtime/length_p99__token/run_metadata.json
week2.scaled_token,227628,1334973,0,344.77283667610027,,,227628,1334973,pass,completed,"{""chunk_overlap"":0,""chunk_size"":2048,""tokenizer"":""character""}",runs/issue11_token_part0/scaled_qa_summary.json,runs/issue11_token_part0/run_metadata.json
