chunks,documents,group,mean_chunk_char_length,mean_chunks_per_document,median_chunk_char_length,method,newline_boundary_internal,other_boundary_internal,paragraph_boundary_internal,run_failed_documents,run_warning_count,sentence_boundary_internal,small_chunk_count,small_chunk_fraction,warnings_group_attributable,whitespace_boundary_internal,small_chunk_threshold,group_overlap,source_summary
46,4,high_chars_per_token,805.2608695652174,11.5,839.0,token,0.023809523809523808,0.8809523809523809,0.0,0,0,0.0,2,0.043478260869565216,False,0.09523809523809523,256,True,week3/results/issue17/robustness_summary.json
2113,3,length_max,838.3222905821108,704.3333333333334,839.0,token,0.0033175355450236967,0.8180094786729858,0.0,0,0,0.011848341232227487,2,0.000946521533364884,False,0.16682464454976303,256,True,week3/results/issue17/robustness_summary.json
27,3,length_median,747.1111111111111,9.0,839.0,token,0.0,0.8333333333333334,0.0,0,0,0.0,3,0.1111111111111111,False,0.16666666666666666,256,True,week3/results/issue17/robustness_summary.json
7,3,length_min,650.8571428571429,2.3333333333333335,839.0,token,0.0,1.0,0.0,0,0,0.0,1,0.14285714285714285,False,0.0,256,True,week3/results/issue17/robustness_summary.json
18,3,length_p05,774.8333333333334,6.0,839.0,token,0.0,0.8,0.0,0,0,0.0,0,0.0,False,0.2,256,True,week3/results/issue17/robustness_summary.json
60,3,length_p90,800.2,20.0,839.0,token,0.0,0.7894736842105263,0.0,0,0,0.0,3,0.05,False,0.21052631578947367,256,True,week3/results/issue17/robustness_summary.json
90,3,length_p95,813.1666666666666,30.0,839.0,token,0.011494252873563218,0.7701149425287356,0.0,0,0,0.011494252873563218,3,0.03333333333333333,False,0.20689655172413793,256,True,week3/results/issue17/robustness_summary.json
213,3,length_p99,835.5774647887324,71.0,839.0,token,0.0,0.8333333333333334,0.0,0,0,0.004761904761904762,0,0.0,False,0.1619047619047619,256,True,week3/results/issue17/robustness_summary.json
15,4,low_chars_per_token,698.9333333333333,3.75,839.0,token,0.0,0.8181818181818182,0.0,0,0,0.0,2,0.13333333333333333,False,0.18181818181818182,256,True,week3/results/issue17/robustness_summary.json
36,4,no_newline,747.1388888888889,9.0,839.0,token,0.0,0.78125,0.0,0,0,0.0,4,0.1111111111111111,False,0.21875,256,True,week3/results/issue17/robustness_summary.json
50,4,high_chars_per_token,740.84,12.5,807.0,recursive,0.782608695652174,0.0,0.0,0,0,0.21739130434782608,5,0.1,False,0.0,256,True,week3/results/issue17/robustness_summary.json
2343,3,length_max,756.0285958173282,781.0,819.0,recursive,0.9068376068376068,0.0,0.0,0,0,0.09316239316239316,103,0.04396073410157917,False,0.0,256,True,week3/results/issue17/robustness_summary.json
26,3,length_median,775.8461538461538,8.666666666666666,845.5,recursive,0.9565217391304348,0.0,0.0,0,0,0.043478260869565216,1,0.038461538461538464,False,0.0,256,True,week3/results/issue17/robustness_summary.json
6,3,length_min,759.3333333333334,2.0,859.0,recursive,1.0,0.0,0.0,0,0,0.0,0,0.0,False,0.0,256,True,week3/results/issue17/robustness_summary.json
19,3,length_p05,734.0526315789474,6.333333333333333,712.0,recursive,0.9375,0.0,0.0,0,0,0.0625,1,0.05263157894736842,False,0.0,256,True,week3/results/issue17/robustness_summary.json
60,3,length_p90,800.2,20.0,860.0,recursive,0.9298245614035088,0.0,0.0,0,0,0.07017543859649122,2,0.03333333333333333,False,0.0,256,True,week3/results/issue17/robustness_summary.json
84,3,length_p95,871.25,28.0,906.0,recursive,1.0,0.0,0.0,0,0,0.0,0,0.0,False,0.0,256,True,week3/results/issue17/robustness_summary.json
240,3,length_p99,741.575,80.0,830.0,recursive,0.7763713080168776,0.004219409282700422,0.0,0,0,0.21940928270042195,14,0.058333333333333334,False,0.0,256,True,week3/results/issue17/robustness_summary.json
13,4,low_chars_per_token,806.4615384615385,3.25,887.0,recursive,0.2222222222222222,0.0,0.0,0,0,0.7777777777777778,1,0.07692307692307693,False,0.0,256,True,week3/results/issue17/robustness_summary.json
32,4,no_newline,840.53125,8.0,912.0,recursive,0.0,0.0,0.0,0,0,1.0,1,0.03125,False,0.0,256,True,week3/results/issue17/robustness_summary.json
41,4,high_chars_per_token,903.4634146341464,10.25,808.0,semantic,0.43243243243243246,0.0,0.0,0,1,0.5675675675675675,5,0.12195121951219512,False,0.0,256,True,week3/results/issue17/robustness_summary.json
1662,3,length_max,1065.809265944645,554.0,622.0,semantic,0.47377938517179025,0.0,0.0,0,1,0.5262206148282098,434,0.2611311672683514,False,0.0,256,True,week3/results/issue17/robustness_summary.json
24,3,length_median,840.5,8.0,409.0,semantic,0.6190476190476191,0.0,0.0,0,1,0.38095238095238093,7,0.2916666666666667,False,0.0,256,True,week3/results/issue17/robustness_summary.json
9,3,length_min,506.22222222222223,3.0,412.0,semantic,1.0,0.0,0.0,0,1,0.0,2,0.2222222222222222,False,0.0,256,True,week3/results/issue17/robustness_summary.json
18,3,length_p05,774.8333333333334,6.0,723.5,semantic,0.4,0.0,0.0,0,1,0.6,4,0.2222222222222222,False,0.0,256,True,week3/results/issue17/robustness_summary.json
73,3,length_p90,657.6986301369863,24.333333333333332,394.0,semantic,0.5285714285714286,0.0,0.0,0,1,0.4714285714285714,27,0.3698630136986301,False,0.0,256,True,week3/results/issue17/robustness_summary.json
103,3,length_p95,710.5339805825242,34.333333333333336,393.0,semantic,0.68,0.0,0.0,0,1,0.32,38,0.36893203883495146,False,0.0,256,True,week3/results/issue17/robustness_summary.json
167,3,length_p99,1065.7365269461077,55.666666666666664,725.0,semantic,0.42073170731707316,0.0,0.0,0,1,0.5792682926829268,40,0.23952095808383234,False,0.0,256,True,week3/results/issue17/robustness_summary.json
14,4,low_chars_per_token,748.8571428571429,3.5,644.5,semantic,0.1,0.0,0.0,0,1,0.9,5,0.35714285714285715,False,0.0,256,True,week3/results/issue17/robustness_summary.json
32,4,no_newline,840.53125,8.0,616.0,semantic,0.0,0.0,0.0,0,1,1.0,7,0.21875,False,0.0,256,True,week3/results/issue17/robustness_summary.json
